{
  "file": "examples/speech_seed_10min_600x_audible_declicked.wav",
  "sample_rate_hz": 22050,
  "samples": 13230000,
  "duration_sec": 600.0,
  "peak_abs": 0.8912509381337456,
  "rms": 0.20839599737142034,
  "jump_max_abs": 0.11215553301691736,
  "jump_p99": 0.05542267497413521,
  "jump_p999": 0.07084601745586183,
  "jump_count_gt_0p10": 16,
  "jump_count_gt_0p20": 0
}
