{
  "candidates": {
    "9": {
      "kernel_len": 9,
      "jump_max_abs": 0.1341194665553967,
      "jump_p99": 0.05468176972130721,
      "jump_p999": 0.07688153402779183,
      "jump_count_gt_0p10": 781,
      "jump_count_gt_0p20": 0,
      "rms_mod_diff_p95_50ms": 0.07795636144164364,
      "rms_mod_diff_p99_50ms": 0.11163443191027428,
      "rms": 0.1495089321295576
    },
    "17": {
      "kernel_len": 17,
      "jump_max_abs": 0.11054935611590613,
      "jump_p99": 0.04529584290941897,
      "jump_p999": 0.06316014723487354,
      "jump_count_gt_0p10": 27,
      "jump_count_gt_0p20": 0,
      "rms_mod_diff_p95_50ms": 0.08344590591469107,
      "rms_mod_diff_p99_50ms": 0.11921688439757747,
      "rms": 0.15217228555569975
    },
    "33": {
      "kernel_len": 33,
      "jump_max_abs": 0.07260983791624488,
      "jump_p99": 0.03241885402237658,
      "jump_p999": 0.042812974546991595,
      "jump_count_gt_0p10": 0,
      "jump_count_gt_0p20": 0,
      "rms_mod_diff_p95_50ms": 0.09342191575574925,
      "rms_mod_diff_p99_50ms": 0.13324063487248086,
      "rms": 0.15217441123687456
    },
    "65": {
      "kernel_len": 65,
      "jump_max_abs": 0.05641173656264845,
      "jump_p99": 0.025807801616749153,
      "jump_p999": 0.034333550151050635,
      "jump_count_gt_0p10": 0,
      "jump_count_gt_0p20": 0,
      "rms_mod_diff_p95_50ms": 0.11233372171378507,
      "rms_mod_diff_p99_50ms": 0.15774395666958752,
      "rms": 0.1593113963723582
    }
  },
  "selected": {
    "kernel_len": 9,
    "jump_max_abs": 0.1341194665553967,
    "jump_p99": 0.05468176972130721,
    "jump_p999": 0.07688153402779183,
    "jump_count_gt_0p10": 781,
    "jump_count_gt_0p20": 0,
    "rms_mod_diff_p95_50ms": 0.07795636144164364,
    "rms_mod_diff_p99_50ms": 0.11163443191027428,
    "rms": 0.1495089321295576
  },
  "selected_file": "examples/speech_seed_10min_600x_smooth_filtered.wav"
}
