{
  "file": "examples/speech_seed_10min_600x_smooth_final.wav",
  "duration_sec": 600.0,
  "sample_rate_hz": 22050,
  "peak_abs": 0.8912509381337456,
  "rms": 0.19194033789662593,
  "jump_max_abs": 0.08236818753228621,
  "jump_p99": 0.039975198357278224,
  "jump_p999": 0.051682256250623,
  "jump_count_gt_0p10": 0,
  "jump_count_gt_0p20": 0,
  "rms_mod_diff_p95_50ms": 0.03384789641875693,
  "rms_mod_diff_p99_50ms": 0.049306624304023675
}
