{
  "file": "examples/speech_seed_10min_600x_fast_audible.wav",
  "sample_rate_hz": 22050,
  "samples": 13230000,
  "duration_sec": 600.0,
  "peak_abs": 0.8912353515625,
  "rms": 0.1958767874037071,
  "jump_max_abs": 1.135345458984375,
  "jump_p99": 0.3536376953125,
  "jump_p999": 0.524566650390625,
  "jump_count_gt_0p10": 2062971,
  "jump_count_gt_0p20": 745069
}
